# Kuuzu
#
# @copyright (c) 2016 osCommerce; https://www.oscommerce.com
# @license MIT; https://www.oscommerce.com/license/mit.txt
#
# @copyright Copyright (c) 2018 Kuuzu; https://kuuzu.org
# @license MIT License; https://kuuzu.org/mitlicense.txt
#
# NOTE: * Please make any modifications to this file by hand!
#       * DO NOT use a mysqldump created file for new changes!
#       * Please take note of the table structure, and use this
#         structure as a standard for future modifications!

# 1 - Default, 2 - USA, 3 - Spain, 4 - Singapore, 5 - Germany
INSERT INTO address_format VALUES (1, '$firstname $lastname$cr$streets$cr$city, $postcode$cr$statecomma$country','$city / $country');
INSERT INTO address_format VALUES (2, '$firstname $lastname$cr$streets$cr$city, $state    $postcode$cr$country','$city, $state / $country');
INSERT INTO address_format VALUES (3, '$firstname $lastname$cr$streets$cr$city$cr$postcode - $statecomma$country','$state / $country');
INSERT INTO address_format VALUES (4, '$firstname $lastname$cr$streets$cr$city ($postcode)$cr$country', '$postcode / $country');
INSERT INTO address_format VALUES (5, '$firstname $lastname$cr$streets$cr$postcode $city$cr$country','$city / $country');

INSERT INTO banners VALUES (1, 'Kuuzu', 'https://kuuzu.org', 'banners/kuuzu.gif', 'footer', '', 0, null, null, now(), null, 1);

INSERT INTO categories VALUES (1, 'category_hardware.gif', 0, 1, '2018-06-07 03:20:14', null);
INSERT INTO categories VALUES (2, 'category_software.gif', 0, 2, '2018-06-07 03:20:14', null);
INSERT INTO categories VALUES (5, 'category_printers.jpg', 1, 0, '2018-06-07 03:20:14', '2018-06-07 03:56:24');
INSERT INTO categories VALUES (19, 'category-software.png', 2, 0, '2018-06-07 03:20:14', '2018-06-07 04:59:39');
INSERT INTO categories VALUES (21, 'category_gadgets.png', 0, 4, '2018-06-07 03:20:14', null);
INSERT INTO categories VALUES (22, 'category_phones.jpg', 1, 10, '2018-06-07 03:23:56', '2018-06-07 04:51:44');
INSERT INTO categories VALUES (23, 'category-clothing.jpg', 0, 10, '2018-06-07 05:18:31', null);
INSERT INTO categories VALUES (24, 'category-mens-clothing.jpg', 23, 10, '2018-06-07 05:22:16', null);
INSERT INTO categories VALUES (25, 'category-womens-clothing.jpg', 23, 20, '2018-06-07 05:22:30', null);

INSERT INTO categories_description VALUES (1, 1, 'Hardware', null, null, null, null);
INSERT INTO categories_description VALUES (2, 1, 'Software', null, null, null, null);
INSERT INTO categories_description VALUES (5, 1, 'Printers', null, null, null, null);
INSERT INTO categories_description VALUES (19, 1, 'Office Suites', null, null, null, null);
INSERT INTO categories_description VALUES (21, 1, 'Gadgets', null, null, null, null);
INSERT INTO categories_description VALUES (22, 1, 'Phones', null, null, null, null);
INSERT INTO categories_description VALUES (23, 1, 'Clothing', null, null, null, null);
INSERT INTO categories_description VALUES (24, 1, 'Mens', null, null, null, null);
INSERT INTO categories_description VALUES (25, 1, 'Womens', null, null, null, null);


INSERT INTO configuration (configuration_title, configuration_key, configuration_value, configuration_description, configuration_group_id, sort_order, date_added) VALUES ('Store Name', 'STORE_NAME', 'Kuuzu', 'The name of my store', '1', '1', now());
INSERT INTO configuration (configuration_title, configuration_key, configuration_value, configuration_description, configuration_group_id, sort_order, date_added) VALUES ('Store Owner', 'STORE_OWNER', 'Kuuzu', 'The name of my store owner', '1', '2', now());
INSERT INTO configuration (configuration_title, configuration_key, configuration_value, configuration_description, configuration_group_id, sort_order, date_added) VALUES ('E-Mail Address', 'STORE_OWNER_EMAIL_ADDRESS', 'root@localhost', 'The e-mail address of my store owner', '1', '3', now());
INSERT INTO configuration (configuration_title, configuration_key, configuration_value, configuration_description, configuration_group_id, sort_order, date_added) VALUES ('E-Mail From', 'EMAIL_FROM', 'Kuuzu <root@localhost>', 'The e-mail address used in (sent) e-mails', '1', '4', now());
INSERT INTO configuration (configuration_title, configuration_key, configuration_value, configuration_description, configuration_group_id, sort_order, use_function, set_function, date_added) VALUES ('Country', 'STORE_COUNTRY', '223', 'The country my store is located in <br /><br /><strong>Note: Please remember to update the store zone.</strong>', '1', '6', 'tep_get_country_name', 'tep_cfg_pull_down_country_list(', now());
INSERT INTO configuration (configuration_title, configuration_key, configuration_value, configuration_description, configuration_group_id, sort_order, use_function, set_function, date_added) VALUES ('Zone', 'STORE_ZONE', '18', 'The zone my store is located in', '1', '7', 'tep_cfg_get_zone_name', 'tep_cfg_pull_down_zone_list(', now());
INSERT INTO configuration (configuration_title, configuration_key, configuration_value, configuration_description, configuration_group_id, sort_order, set_function, date_added) VALUES ('Switch To Default Language Currency', 'USE_DEFAULT_LANGUAGE_CURRENCY', 'false', 'Automatically switch to the language\'s currency when it is changed', '1', '10', 'tep_cfg_select_option(array(\'true\', \'false\'), ', now());
INSERT INTO configuration (configuration_title, configuration_key, configuration_value, configuration_description, configuration_group_id, sort_order, date_added) VALUES ('Send Extra Order Emails To', 'SEND_EXTRA_ORDER_EMAILS_TO', '', 'Send extra order emails to the following email addresses, in this format: Name 1 &lt;email@address1&gt;, Name 2 &lt;email@address2&gt;', '1', '11', now());
INSERT INTO configuration (configuration_title, configuration_key, configuration_value, configuration_description, configuration_group_id, sort_order, set_function, date_added) VALUES ('Use Search-Engine Safe URLs', 'SEARCH_ENGINE_FRIENDLY_URLS', 'false', 'Use search-engine safe urls for all site links', '1', '12', 'tep_cfg_select_option(array(\'true\', \'false\'), ', now());
INSERT INTO configuration (configuration_title, configuration_key, configuration_value, configuration_description, configuration_group_id, sort_order, set_function, date_added) VALUES ('Display Cart After Adding Product', 'DISPLAY_CART', 'true', 'Display the shopping cart after adding a product (or return back to their origin)', '1', '14', 'tep_cfg_select_option(array(\'true\', \'false\'), ', now());
INSERT INTO configuration (configuration_title, configuration_key, configuration_value, configuration_description, configuration_group_id, sort_order, set_function, date_added) VALUES ('Allow Guest To Tell A Friend', 'ALLOW_GUEST_TO_TELL_A_FRIEND', 'false', 'Allow guests to tell a friend about a product', '1', '15', 'tep_cfg_select_option(array(\'true\', \'false\'), ', now());
INSERT INTO configuration (configuration_title, configuration_key, configuration_value, configuration_description, configuration_group_id, sort_order, set_function, date_added) VALUES ('Default Search Operator', 'ADVANCED_SEARCH_DEFAULT_OPERATOR', 'and', 'Default search operators', '1', '17', 'tep_cfg_select_option(array(\'and\', \'or\'), ', now());
INSERT INTO configuration (configuration_title, configuration_key, configuration_value, configuration_description, configuration_group_id, sort_order, set_function, date_added) VALUES ('Store Address', 'STORE_ADDRESS', 'Address Line 1\nAddress Line 2\nCountry\nPhone', 'This is the Address of my store used on printable documents and displayed online', '1', '18', 'tep_cfg_textarea(', now());
INSERT INTO configuration (configuration_title, configuration_key, configuration_value, configuration_description, configuration_group_id, sort_order, set_function, date_added) VALUES ('Store Phone', 'STORE_PHONE', '555-1234', 'This is the phone number of my store used on printable documents and displayed online', '1', '19', 'tep_cfg_textarea(', now());
INSERT INTO configuration (configuration_title, configuration_key, configuration_value, configuration_description, configuration_group_id, sort_order, date_added) VALUES ('Tax Decimal Places', 'TAX_DECIMAL_PLACES', '0', 'Pad the tax value this amount of decimal places', '1', '20', now());
INSERT INTO configuration (configuration_title, configuration_key, configuration_value, configuration_description, configuration_group_id, sort_order, set_function, date_added) VALUES ('Display Prices with Tax', 'DISPLAY_PRICE_WITH_TAX', 'false', 'Display prices with tax included (true) or add the tax at the end (false)', '1', '21', 'tep_cfg_select_option(array(\'true\', \'false\'), ', now());

INSERT INTO configuration (configuration_title, configuration_key, configuration_value, configuration_description, configuration_group_id, sort_order, date_added) VALUES ('First Name', 'ENTRY_FIRST_NAME_MIN_LENGTH', '2', 'Minimum length of first name', '2', '1', now());
INSERT INTO configuration (configuration_title, configuration_key, configuration_value, configuration_description, configuration_group_id, sort_order, date_added) VALUES ('Last Name', 'ENTRY_LAST_NAME_MIN_LENGTH', '2', 'Minimum length of last name', '2', '2', now());
INSERT INTO configuration (configuration_title, configuration_key, configuration_value, configuration_description, configuration_group_id, sort_order, date_added) VALUES ('Date of Birth', 'ENTRY_DOB_MIN_LENGTH', '10', 'Minimum length of date of birth', '2', '3', now());
INSERT INTO configuration (configuration_title, configuration_key, configuration_value, configuration_description, configuration_group_id, sort_order, date_added) VALUES ('E-Mail Address', 'ENTRY_EMAIL_ADDRESS_MIN_LENGTH', '6', 'Minimum length of e-mail address', '2', '4', now());
INSERT INTO configuration (configuration_title, configuration_key, configuration_value, configuration_description, configuration_group_id, sort_order, date_added) VALUES ('Street Address', 'ENTRY_STREET_ADDRESS_MIN_LENGTH', '5', 'Minimum length of street address', '2', '5', now());
INSERT INTO configuration (configuration_title, configuration_key, configuration_value, configuration_description, configuration_group_id, sort_order, date_added) VALUES ('Company', 'ENTRY_COMPANY_MIN_LENGTH', '2', 'Minimum length of company name', '2', '6', now());
INSERT INTO configuration (configuration_title, configuration_key, configuration_value, configuration_description, configuration_group_id, sort_order, date_added) VALUES ('Post Code', 'ENTRY_POSTCODE_MIN_LENGTH', '4', 'Minimum length of post code', '2', '7', now());
INSERT INTO configuration (configuration_title, configuration_key, configuration_value, configuration_description, configuration_group_id, sort_order, date_added) VALUES ('City', 'ENTRY_CITY_MIN_LENGTH', '3', 'Minimum length of city', '2', '8', now());
INSERT INTO configuration (configuration_title, configuration_key, configuration_value, configuration_description, configuration_group_id, sort_order, date_added) VALUES ('State', 'ENTRY_STATE_MIN_LENGTH', '2', 'Minimum length of state', '2', '9', now());
INSERT INTO configuration (configuration_title, configuration_key, configuration_value, configuration_description, configuration_group_id, sort_order, date_added) VALUES ('Telephone Number', 'ENTRY_TELEPHONE_MIN_LENGTH', '3', 'Minimum length of telephone number', '2', '10', now());
INSERT INTO configuration (configuration_title, configuration_key, configuration_value, configuration_description, configuration_group_id, sort_order, date_added) VALUES ('Password', 'ENTRY_PASSWORD_MIN_LENGTH', '5', 'Minimum length of password', '2', '11', now());
INSERT INTO configuration (configuration_title, configuration_key, configuration_value, configuration_description, configuration_group_id, sort_order, date_added) VALUES ('Credit Card Owner Name', 'CC_OWNER_MIN_LENGTH', '3', 'Minimum length of credit card owner name', '2', '12', now());
INSERT INTO configuration (configuration_title, configuration_key, configuration_value, configuration_description, configuration_group_id, sort_order, date_added) VALUES ('Credit Card Number', 'CC_NUMBER_MIN_LENGTH', '10', 'Minimum length of credit card number', '2', '13', now());
INSERT INTO configuration (configuration_title, configuration_key, configuration_value, configuration_description, configuration_group_id, sort_order, date_added) VALUES ('Review Text', 'REVIEW_TEXT_MIN_LENGTH', '50', 'Minimum length of review text', '2', '14', now());
INSERT INTO configuration (configuration_title, configuration_key, configuration_value, configuration_description, configuration_group_id, sort_order, date_added) VALUES ('Best Sellers', 'MIN_DISPLAY_BESTSELLERS', '1', 'Minimum number of best sellers to display', '2', '15', now());
INSERT INTO configuration (configuration_title, configuration_key, configuration_value, configuration_description, configuration_group_id, sort_order, date_added) VALUES ('Also Purchased', 'MIN_DISPLAY_ALSO_PURCHASED', '1', 'Minimum number of products to display in the \'This Customer Also Purchased\' box', '2', '16', now());

INSERT INTO configuration (configuration_title, configuration_key, configuration_value, configuration_description, configuration_group_id, sort_order, date_added) VALUES ('Address Book Entries', 'MAX_ADDRESS_BOOK_ENTRIES', '5', 'Maximum address book entries a customer is allowed to have', '3', '1', now());
INSERT INTO configuration (configuration_title, configuration_key, configuration_value, configuration_description, configuration_group_id, sort_order, date_added) VALUES ('Search Results', 'MAX_DISPLAY_SEARCH_RESULTS', '20', 'Amount of products to list', '3', '2', now());
INSERT INTO configuration (configuration_title, configuration_key, configuration_value, configuration_description, configuration_group_id, sort_order, date_added) VALUES ('Special Products', 'MAX_DISPLAY_SPECIAL_PRODUCTS', '9', 'Maximum number of products on special to display', '3', '4', now());
INSERT INTO configuration (configuration_title, configuration_key, configuration_value, configuration_description, configuration_group_id, sort_order, date_added) VALUES ('Manufacturers List', 'MAX_DISPLAY_MANUFACTURERS_IN_A_LIST', '0', 'Used in manufacturers box; when the number of manufacturers exceeds this number, a drop-down list will be displayed instead of the default list', '3', '7', now());
INSERT INTO configuration (configuration_title, configuration_key, configuration_value, configuration_description, configuration_group_id, sort_order, date_added) VALUES ('Manufacturers Select Size', 'MAX_MANUFACTURERS_LIST', '1', 'Used in manufacturers box; when this value is \'1\' the classic drop-down list will be used for the manufacturers box. Otherwise, a list-box with the specified number of rows will be displayed.', '3', '7', now());
INSERT INTO configuration (configuration_title, configuration_key, configuration_value, configuration_description, configuration_group_id, sort_order, date_added) VALUES ('Length of Manufacturers Name', 'MAX_DISPLAY_MANUFACTURER_NAME_LEN', '15', 'Used in manufacturers box; maximum length of manufacturers name to display', '3', '8', now());
INSERT INTO configuration (configuration_title, configuration_key, configuration_value, configuration_description, configuration_group_id, sort_order, date_added) VALUES ('New Reviews', 'MAX_DISPLAY_NEW_REVIEWS', '6', 'Maximum number of new reviews to display', '3', '9', now());
INSERT INTO configuration (configuration_title, configuration_key, configuration_value, configuration_description, configuration_group_id, sort_order, date_added) VALUES ('Selection of Random Reviews', 'MAX_RANDOM_SELECT_REVIEWS', '10', 'How many records to select from to choose one random product review', '3', '10', now());
INSERT INTO configuration (configuration_title, configuration_key, configuration_value, configuration_description, configuration_group_id, sort_order, date_added) VALUES ('Selection of Random New Products', 'MAX_RANDOM_SELECT_NEW', '10', 'How many records to select from to choose one random new product to display', '3', '11', now());
INSERT INTO configuration (configuration_title, configuration_key, configuration_value, configuration_description, configuration_group_id, sort_order, date_added) VALUES ('Selection of Products on Special', 'MAX_RANDOM_SELECT_SPECIALS', '10', 'How many records to select from to choose one random product special to display', '3', '12', now());
INSERT INTO configuration (configuration_title, configuration_key, configuration_value, configuration_description, configuration_group_id, sort_order, date_added) VALUES ('Categories To List Per Row', 'MAX_DISPLAY_CATEGORIES_PER_ROW', '3', 'How many categories to list per row', '3', '13', now());
INSERT INTO configuration (configuration_title, configuration_key, configuration_value, configuration_description, configuration_group_id, sort_order, date_added) VALUES ('New Products Listing', 'MAX_DISPLAY_PRODUCTS_NEW', '10', 'Maximum number of new products to display in new products page', '3', '14', now());
INSERT INTO configuration (configuration_title, configuration_key, configuration_value, configuration_description, configuration_group_id, sort_order, date_added) VALUES ('Best Sellers', 'MAX_DISPLAY_BESTSELLERS', '10', 'Maximum number of best sellers to display', '3', '15', now());
INSERT INTO configuration (configuration_title, configuration_key, configuration_value, configuration_description, configuration_group_id, sort_order, date_added) VALUES ('Also Purchased', 'MAX_DISPLAY_ALSO_PURCHASED', '6', 'Maximum number of products to display in the \'This Customer Also Purchased\' box', '3', '16', now());
INSERT INTO configuration (configuration_title, configuration_key, configuration_value, configuration_description, configuration_group_id, sort_order, date_added) VALUES ('Customer Order History Box', 'MAX_DISPLAY_PRODUCTS_IN_ORDER_HISTORY_BOX', '6', 'Maximum number of products to display in the customer order history box', '3', '17', now());
INSERT INTO configuration (configuration_title, configuration_key, configuration_value, configuration_description, configuration_group_id, sort_order, date_added) VALUES ('Order History', 'MAX_DISPLAY_ORDER_HISTORY', '10', 'Maximum number of orders to display in the order history page', '3', '18', now());
INSERT INTO configuration (configuration_title, configuration_key, configuration_value, configuration_description, configuration_group_id, sort_order, date_added) VALUES ('Product Quantities In Shopping Cart', 'MAX_QTY_IN_CART', '99', 'Maximum number of product quantities that can be added to the shopping cart (0 for no limit)', '3', '19', now());

INSERT INTO configuration (configuration_title, configuration_key, configuration_value, configuration_description, configuration_group_id, sort_order, date_added) VALUES ('Small Image Width', 'SMALL_IMAGE_WIDTH', '100', 'The pixel width of small images', '4', '1', now());
INSERT INTO configuration (configuration_title, configuration_key, configuration_value, configuration_description, configuration_group_id, sort_order, date_added) VALUES ('Small Image Height', 'SMALL_IMAGE_HEIGHT', '80', 'The pixel height of small images', '4', '2', now());
INSERT INTO configuration (configuration_title, configuration_key, configuration_value, configuration_description, configuration_group_id, sort_order, date_added) VALUES ('Heading Image Width', 'HEADING_IMAGE_WIDTH', '57', 'The pixel width of heading images', '4', '3', now());
INSERT INTO configuration (configuration_title, configuration_key, configuration_value, configuration_description, configuration_group_id, sort_order, date_added) VALUES ('Heading Image Height', 'HEADING_IMAGE_HEIGHT', '40', 'The pixel height of heading images', '4', '4', now());
INSERT INTO configuration (configuration_title, configuration_key, configuration_value, configuration_description, configuration_group_id, sort_order, date_added) VALUES ('Subcategory Image Width', 'SUBCATEGORY_IMAGE_WIDTH', '100', 'The pixel width of subcategory images', '4', '5', now());
INSERT INTO configuration (configuration_title, configuration_key, configuration_value, configuration_description, configuration_group_id, sort_order, date_added) VALUES ('Subcategory Image Height', 'SUBCATEGORY_IMAGE_HEIGHT', '57', 'The pixel height of subcategory images', '4', '6', now());
INSERT INTO configuration (configuration_title, configuration_key, configuration_value, configuration_description, configuration_group_id, sort_order, set_function, date_added) VALUES ('Image Required', 'IMAGE_REQUIRED', 'true', 'Enable to display broken images. Good for development.', '4', '8', 'tep_cfg_select_option(array(\'true\', \'false\'), ', now());

INSERT INTO configuration (configuration_title, configuration_key, configuration_value, configuration_description, configuration_group_id, sort_order, set_function, date_added) VALUES ('Gender', 'ACCOUNT_GENDER', 'true', 'Display gender in the customers account', '5', '1', 'tep_cfg_select_option(array(\'true\', \'false\'), ', now());
INSERT INTO configuration (configuration_title, configuration_key, configuration_value, configuration_description, configuration_group_id, sort_order, set_function, date_added) VALUES ('Date of Birth', 'ACCOUNT_DOB', 'true', 'Display date of birth in the customers account', '5', '2', 'tep_cfg_select_option(array(\'true\', \'false\'), ', now());
INSERT INTO configuration (configuration_title, configuration_key, configuration_value, configuration_description, configuration_group_id, sort_order, set_function, date_added) VALUES ('Company', 'ACCOUNT_COMPANY', 'true', 'Display company in the customers account', '5', '3', 'tep_cfg_select_option(array(\'true\', \'false\'), ', now());
INSERT INTO configuration (configuration_title, configuration_key, configuration_value, configuration_description, configuration_group_id, sort_order, set_function, date_added) VALUES ('Suburb', 'ACCOUNT_SUBURB', 'true', 'Display suburb in the customers account', '5', '4', 'tep_cfg_select_option(array(\'true\', \'false\'), ', now());
INSERT INTO configuration (configuration_title, configuration_key, configuration_value, configuration_description, configuration_group_id, sort_order, set_function, date_added) VALUES ('State', 'ACCOUNT_STATE', 'true', 'Display state in the customers account', '5', '5', 'tep_cfg_select_option(array(\'true\', \'false\'), ', now());

INSERT INTO configuration (configuration_title, configuration_key, configuration_value, configuration_description, configuration_group_id, sort_order, date_added) VALUES ('Installed Modules', 'MODULE_PAYMENT_INSTALLED', '', 'List of payment module filenames separated by a semi-colon. This is automatically updated. No need to edit. (Example: cod.php;paypal_express.php)', '6', '0', now());
INSERT INTO configuration (configuration_title, configuration_key, configuration_value, configuration_description, configuration_group_id, sort_order, date_added) VALUES ('Installed Modules', 'MODULE_ORDER_TOTAL_INSTALLED', '', 'List of order_total module filenames separated by a semi-colon. This is automatically updated. No need to edit. (Example: ot_subtotal.php;ot_tax.php;ot_shipping.php;ot_total.php)', '6', '0', now());
INSERT INTO configuration (configuration_title, configuration_key, configuration_value, configuration_description, configuration_group_id, sort_order, date_added) VALUES ('Installed Modules', 'MODULE_SHIPPING_INSTALLED', '', 'List of shipping module filenames separated by a semi-colon. This is automatically updated. No need to edit. (Example: ups.php;flat.php;item.php)', '6', '0', now());
INSERT INTO configuration (configuration_title, configuration_key, configuration_value, configuration_description, configuration_group_id, sort_order, date_added) VALUES ('Installed Modules', 'MODULE_ACTION_RECORDER_INSTALLED', '', 'List of action recorder module filenames separated by a semi-colon. This is automatically updated. No need to edit.', '6', '0', now());
INSERT INTO configuration (configuration_title, configuration_key, configuration_value, configuration_description, configuration_group_id, sort_order, date_added) VALUES ('Installed Modules', 'MODULE_SOCIAL_BOOKMARKS_INSTALLED', '', 'List of social bookmark module filenames separated by a semi-colon. This is automatically updated. No need to edit.', '6', '0', now());
INSERT INTO configuration (configuration_title, configuration_key, configuration_value, configuration_description, configuration_group_id, sort_order, date_added) VALUES ('Installed Modules', 'MODULE_CONTENT_NAVBAR_INSTALLED', '', 'List of navbar module filenames separated by a semi-colon. This is automatically updated. No need to edit.', '6', '0', now());
INSERT INTO configuration (configuration_title, configuration_key, configuration_value, configuration_description, configuration_group_id, sort_order, date_added) VALUES ('Installed Modules', 'MODULE_HEADER_TAGS_INSTALLED', '', 'List of header tag module filenames separated by a semi-colon. This is automatically updated. No need to edit.', '6', '0', now());
INSERT INTO configuration (configuration_title, configuration_key, configuration_value, configuration_description, configuration_group_id, sort_order, date_added) VALUES ('Installed Modules', 'MODULE_ADMIN_DASHBOARD_INSTALLED', '', 'List of Administration Tool Dashboard module filenames separated by a semi-colon. This is automatically updated. No need to edit.', '6', '0', now());
INSERT INTO configuration (configuration_title, configuration_key, configuration_value, configuration_description, configuration_group_id, sort_order, date_added) VALUES ('Installed Modules', 'MODULE_BOXES_INSTALLED', '', 'List of box module filenames separated by a semi-colon. This is automatically updated. No need to edit.', '6', '0', now());
INSERT INTO configuration (configuration_title, configuration_key, configuration_value, configuration_description, configuration_group_id, sort_order, date_added) values ('Installed Modules', 'MODULE_CONTENT_INSTALLED', '', 'This is automatically updated. No need to edit.', '6', '0', now());

INSERT INTO configuration (configuration_title, configuration_key, configuration_value, configuration_description, configuration_group_id, sort_order, date_added) values ('Installed Template Block Groups', 'TEMPLATE_BLOCK_GROUPS', 'boxes;header_tags', 'This is automatically updated. No need to edit.', '6', '0', now());

INSERT INTO configuration (configuration_title, configuration_key, configuration_value, configuration_description, configuration_group_id, sort_order, date_added) VALUES ('Default Currency', 'DEFAULT_CURRENCY', 'USD', 'Default Currency', '6', '0', now());
INSERT INTO configuration (configuration_title, configuration_key, configuration_value, configuration_description, configuration_group_id, sort_order, date_added) VALUES ('Default Language', 'DEFAULT_LANGUAGE', 'en', 'Default Language', '6', '0', now());
INSERT INTO configuration (configuration_title, configuration_key, configuration_value, configuration_description, configuration_group_id, sort_order, date_added) VALUES ('Default Order Status For New Orders', 'DEFAULT_ORDERS_STATUS_ID', '1', 'When a new order is created, this order status will be assigned to it.', '6', '0', now());

INSERT INTO configuration (configuration_title, configuration_key, configuration_value, configuration_description, configuration_group_id, sort_order, use_function, set_function, date_added) VALUES ('Country of Origin', 'SHIPPING_ORIGIN_COUNTRY', '223', 'Select the country of origin to be used in shipping quotes.', '7', '1', 'tep_get_country_name', 'tep_cfg_pull_down_country_list(', now());
INSERT INTO configuration (configuration_title, configuration_key, configuration_value, configuration_description, configuration_group_id, sort_order, date_added) VALUES ('Postal Code', 'SHIPPING_ORIGIN_ZIP', 'NONE', 'Enter the Postal Code (ZIP) of the Store to be used in shipping quotes.', '7', '2', now());
INSERT INTO configuration (configuration_title, configuration_key, configuration_value, configuration_description, configuration_group_id, sort_order, date_added) VALUES ('Enter the Maximum Package Weight you will ship', 'SHIPPING_MAX_WEIGHT', '50', 'Carriers have a max weight limit for a single package. This is a common one for all.', '7', '3', now());
INSERT INTO configuration (configuration_title, configuration_key, configuration_value, configuration_description, configuration_group_id, sort_order, date_added) VALUES ('Package Tare weight.', 'SHIPPING_BOX_WEIGHT', '3', 'What is the weight of typical packaging of small to medium packages?', '7', '4', now());
INSERT INTO configuration (configuration_title, configuration_key, configuration_value, configuration_description, configuration_group_id, sort_order, date_added) VALUES ('Larger packages - percentage increase.', 'SHIPPING_BOX_PADDING', '10', 'For 10% enter 10', '7', '5', now());
INSERT INTO configuration (configuration_title, configuration_key, configuration_value, configuration_description, configuration_group_id, sort_order, set_function, date_added) values ('Allow Orders Not Matching Defined Shipping Zones ', 'SHIPPING_ALLOW_UNDEFINED_ZONES', 'False', 'Should orders be allowed to shipping addresses not matching defined shipping module shipping zones?', '7', '5', 'tep_cfg_select_option(array(\'True\', \'False\'), ', now());

INSERT INTO configuration (configuration_title, configuration_key, configuration_value, configuration_description, configuration_group_id, sort_order, date_added) VALUES ('Display Product Image (0=disable; 1=enable)', 'PRODUCT_LIST_IMAGE', '1', 'Do you want to display the Product Image?', '8', '1', now());
INSERT INTO configuration (configuration_title, configuration_key, configuration_value, configuration_description, configuration_group_id, sort_order, date_added) VALUES ('Display Product Manufacturer Name (0=disable; 1=enable)','PRODUCT_LIST_MANUFACTURER', '0', 'Do you want to display the Product Manufacturer Name?', '8', '2', now());
INSERT INTO configuration (configuration_title, configuration_key, configuration_value, configuration_description, configuration_group_id, sort_order, date_added) VALUES ('Display Product Model (0=disable; 1=enable)', 'PRODUCT_LIST_MODEL', '0', 'Do you want to display the Product Model?', '8', '3', now());
INSERT INTO configuration (configuration_title, configuration_key, configuration_value, configuration_description, configuration_group_id, sort_order, date_added) VALUES ('Display Product Name (0=disable; 1=enable)', 'PRODUCT_LIST_NAME', '1', 'Do you want to display the Product Name?', '8', '4', now());
INSERT INTO configuration (configuration_title, configuration_key, configuration_value, configuration_description, configuration_group_id, sort_order, date_added) VALUES ('Display Product Price (0=disable; 1=enable)', 'PRODUCT_LIST_PRICE', '1', 'Do you want to display the Product Price', '8', '5', now());
INSERT INTO configuration (configuration_title, configuration_key, configuration_value, configuration_description, configuration_group_id, sort_order, date_added) VALUES ('Display Product Quantity (0=disable; 1=enable)', 'PRODUCT_LIST_QUANTITY', '0', 'Do you want to display the Product Quantity?', '8', '6', now());
INSERT INTO configuration (configuration_title, configuration_key, configuration_value, configuration_description, configuration_group_id, sort_order, date_added) VALUES ('Display Product Weight (0=disable; 1=enable)', 'PRODUCT_LIST_WEIGHT', '0', 'Do you want to display the Product Weight?', '8', '7', now());
INSERT INTO configuration (configuration_title, configuration_key, configuration_value, configuration_description, configuration_group_id, sort_order, date_added) VALUES ('Display Buy Now column (0=disable; 1=enable)', 'PRODUCT_LIST_BUY_NOW', '1', 'Do you want to display the Buy Now column?', '8', '8', now());
INSERT INTO configuration (configuration_title, configuration_key, configuration_value, configuration_description, configuration_group_id, sort_order, date_added) VALUES ('Display Category/Manufacturer Filter (0=disable; 1=enable)', 'PRODUCT_LIST_FILTER', '1', 'Do you want to display the Category/Manufacturer Filter?', '8', '9', now());
INSERT INTO configuration (configuration_title, configuration_key, configuration_value, configuration_description, configuration_group_id, sort_order, date_added) VALUES ('Location of Prev/Next Navigation Bar (1-top, 2-bottom, 3-both)', 'PREV_NEXT_BAR_LOCATION', '2', 'Sets the location of the Prev/Next Navigation Bar (1-top, 2-bottom, 3-both)', '8', '10', now());

INSERT INTO configuration (configuration_title, configuration_key, configuration_value, configuration_description, configuration_group_id, sort_order, set_function, date_added) VALUES ('Check stock level', 'STOCK_CHECK', 'true', 'Check to see if sufficent stock is available', '9', '1', 'tep_cfg_select_option(array(\'true\', \'false\'), ', now());
INSERT INTO configuration (configuration_title, configuration_key, configuration_value, configuration_description, configuration_group_id, sort_order, set_function, date_added) VALUES ('Subtract stock', 'STOCK_LIMITED', 'true', 'Subtract product in stock by product orders', '9', '2', 'tep_cfg_select_option(array(\'true\', \'false\'), ', now());
INSERT INTO configuration (configuration_title, configuration_key, configuration_value, configuration_description, configuration_group_id, sort_order, set_function, date_added) VALUES ('Allow Checkout', 'STOCK_ALLOW_CHECKOUT', 'true', 'Allow customer to checkout even if there is insufficient stock', '9', '3', 'tep_cfg_select_option(array(\'true\', \'false\'), ', now());
INSERT INTO configuration (configuration_title, configuration_key, configuration_value, configuration_description, configuration_group_id, sort_order, date_added) VALUES ('Mark product out of stock', 'STOCK_MARK_PRODUCT_OUT_OF_STOCK', '***', 'Display something on screen so customer can see which product has insufficient stock', '9', '4', now());
INSERT INTO configuration (configuration_title, configuration_key, configuration_value, configuration_description, configuration_group_id, sort_order, date_added) VALUES ('Stock Re-order level', 'STOCK_REORDER_LEVEL', '5', 'Define when stock needs to be re-ordered', '9', '5', now());

INSERT INTO configuration (configuration_title, configuration_key, configuration_value, configuration_description, configuration_group_id, sort_order, set_function, date_added) VALUES ('Store Page Parse Time', 'STORE_PAGE_PARSE_TIME', 'false', 'Store the time it takes to parse a page', '10', '1', 'tep_cfg_select_option(array(\'true\', \'false\'), ', now());
INSERT INTO configuration (configuration_title, configuration_key, configuration_value, configuration_description, configuration_group_id, sort_order, date_added) VALUES ('Log Destination', 'STORE_PAGE_PARSE_TIME_LOG', '/var/log/www/tep/page_parse_time.log', 'Directory and filename of the page parse time log', '10', '2', now());
INSERT INTO configuration (configuration_title, configuration_key, configuration_value, configuration_description, configuration_group_id, sort_order, date_added) VALUES ('Log Date Format', 'STORE_PARSE_DATE_TIME_FORMAT', '%d/%m/%Y %H:%M:%S', 'The date format', '10', '3', now());
INSERT INTO configuration (configuration_title, configuration_key, configuration_value, configuration_description, configuration_group_id, sort_order, set_function, date_added) VALUES ('Display The Page Parse Time', 'DISPLAY_PAGE_PARSE_TIME', 'true', 'Display the page parse time (store page parse time must be enabled)', '10', '4', 'tep_cfg_select_option(array(\'true\', \'false\'), ', now());
INSERT INTO configuration (configuration_title, configuration_key, configuration_value, configuration_description, configuration_group_id, sort_order, set_function, date_added) VALUES ('Store Database Queries', 'STORE_DB_TRANSACTIONS', 'false', 'Store the database queries in the page parse time log', '10', '5', 'tep_cfg_select_option(array(\'true\', \'false\'), ', now());

INSERT INTO configuration (configuration_title, configuration_key, configuration_value, configuration_description, configuration_group_id, sort_order, set_function, date_added) VALUES ('E-Mail Transport Method', 'EMAIL_TRANSPORT', 'sendmail', 'Defines if this server uses a local connection to sendmail or uses an SMTP connection via TCP/IP. Servers running on Windows and MacOS should change this setting to SMTP.', '12', '1', 'tep_cfg_select_option(array(\'sendmail\', \'smtp\'),', now());
INSERT INTO configuration (configuration_title, configuration_key, configuration_value, configuration_description, configuration_group_id, sort_order, set_function, date_added) VALUES ('Verify E-Mail Addresses Through DNS', 'ENTRY_EMAIL_ADDRESS_CHECK', 'false', 'Verify e-mail address through a DNS server', '12', '4', 'tep_cfg_select_option(array(\'true\', \'false\'), ', now());
INSERT INTO configuration (configuration_title, configuration_key, configuration_value, configuration_description, configuration_group_id, sort_order, set_function, date_added) VALUES ('Send E-Mails', 'SEND_EMAILS', 'true', 'Send out e-mails', '12', '5', 'tep_cfg_select_option(array(\'true\', \'false\'), ', now());

INSERT INTO configuration (configuration_title, configuration_key, configuration_value, configuration_description, configuration_group_id, sort_order, set_function, date_added) VALUES ('Enable download', 'DOWNLOAD_ENABLED', 'false', 'Enable the products download functions.', '13', '1', 'tep_cfg_select_option(array(\'true\', \'false\'), ', now());
INSERT INTO configuration (configuration_title, configuration_key, configuration_value, configuration_description, configuration_group_id, sort_order, set_function, date_added) VALUES ('Download by redirect', 'DOWNLOAD_BY_REDIRECT', 'false', 'Use browser redirection for download. Disable on non-Unix systems.', '13', '2', 'tep_cfg_select_option(array(\'true\', \'false\'), ', now());
INSERT INTO configuration (configuration_title, configuration_key, configuration_value, configuration_description, configuration_group_id, sort_order, set_function, date_added) VALUES ('Expiry delay (days)' ,'DOWNLOAD_MAX_DAYS', '7', 'Set number of days before the download link expires. 0 means no limit.', '13', '3', '', now());
INSERT INTO configuration (configuration_title, configuration_key, configuration_value, configuration_description, configuration_group_id, sort_order, set_function, date_added) VALUES ('Maximum number of downloads' ,'DOWNLOAD_MAX_COUNT', '5', 'Set the maximum number of downloads. 0 means no download authorized.', '13', '4', '', now());

INSERT INTO configuration (configuration_title, configuration_key, configuration_value, configuration_description, configuration_group_id, sort_order, set_function, date_added) VALUES ('Enable GZip Compression', 'GZIP_COMPRESSION', 'false', 'Enable HTTP GZip compression.', '14', '1', 'tep_cfg_select_option(array(\'true\', \'false\'), ', now());
INSERT INTO configuration (configuration_title, configuration_key, configuration_value, configuration_description, configuration_group_id, sort_order, date_added) VALUES ('Compression Level', 'GZIP_LEVEL', '5', 'Use this compression level 0-9 (0 = minimum, 9 = maximum).', '14', '2', now());

INSERT INTO configuration (configuration_title, configuration_key, configuration_value, configuration_description, configuration_group_id, sort_order, set_function, date_added) VALUES ('Check SSL Session ID', 'SESSION_CHECK_SSL_SESSION_ID', 'False', 'Validate the SSL_SESSION_ID on every secure HTTPS page request.', '15', '3', 'tep_cfg_select_option(array(\'True\', \'False\'), ', now());
INSERT INTO configuration (configuration_title, configuration_key, configuration_value, configuration_description, configuration_group_id, sort_order, set_function, date_added) VALUES ('Check User Agent', 'SESSION_CHECK_USER_AGENT', 'False', 'Validate the clients browser user agent on every page request.', '15', '4', 'tep_cfg_select_option(array(\'True\', \'False\'), ', now());
INSERT INTO configuration (configuration_title, configuration_key, configuration_value, configuration_description, configuration_group_id, sort_order, set_function, date_added) VALUES ('Check IP Address', 'SESSION_CHECK_IP_ADDRESS', 'False', 'Validate the clients IP address on every page request.', '15', '5', 'tep_cfg_select_option(array(\'True\', \'False\'), ', now());
INSERT INTO configuration (configuration_title, configuration_key, configuration_value, configuration_description, configuration_group_id, sort_order, set_function, date_added) VALUES ('Prevent Spider Sessions', 'SESSION_BLOCK_SPIDERS', 'True', 'Prevent known spiders from starting a session.', '15', '6', 'tep_cfg_select_option(array(\'True\', \'False\'), ', now());

INSERT INTO configuration (configuration_title, configuration_key, configuration_value, configuration_description, configuration_group_id, sort_order, date_added) VALUES ('Last Update Check Time', 'LAST_UPDATE_CHECK_TIME', '', 'Last time a check for new versions of Kuuzu was run', '6', '0', now());

INSERT INTO configuration (configuration_title, configuration_key, configuration_value, configuration_description, configuration_group_id, sort_order, date_added) VALUES ('Store Logo', 'STORE_LOGO', 'store_logo.png', 'This is the filename of your Store Logo.  This should be updated at admin > configuration > Store Logo', 6, 1000, now());

INSERT INTO configuration (configuration_title, configuration_key, configuration_value, configuration_description, configuration_group_id, sort_order, set_function, date_added) values ('Bootstrap Container', 'BOOTSTRAP_CONTAINER', 'container-fluid', 'What type of container should the page content be shown in? See http://getbootstrap.com/css/#overview-container', '16', '1', 'tep_cfg_select_option(array(\'container-fluid\', \'container\'), ', now());
INSERT INTO configuration (configuration_title, configuration_key, configuration_value, configuration_description, configuration_group_id, sort_order, set_function, date_added) values ('Bootstrap Content', 'BOOTSTRAP_CONTENT', '8', 'What width should the page content default to?  (8 = two thirds width, 6 = half width, 4 = one third width) Note that the Side Column(s) will adjust automatically.', '16', '2', 'tep_cfg_select_option(array(\'8\', \'6\', \'4\'), ', now());

INSERT INTO configuration (configuration_title, configuration_key, configuration_value, configuration_description, configuration_group_id, sort_order, set_function, date_added) VALUES ('Verify SSL Certificates', 'KUUZU_HTTP_VERIFY_SSL', 'True', 'Verify SSL Certificates when making HTTPS API calls.', '17', '1', 'tep_cfg_select_option(array(\'True\', \'False\'), ', now());
INSERT INTO configuration (configuration_title, configuration_key, configuration_value, configuration_description, configuration_group_id, sort_order, date_added) VALUES ('Proxy', 'KUUZU_HTTP_PROXY', '', 'Send API requests through this proxy server (host:port, eg: proxy-server:8080)', '17', '2', now());

INSERT INTO configuration_group VALUES ('1', 'My Store', 'General information about my store', '1', '1');
INSERT INTO configuration_group VALUES ('2', 'Minimum Values', 'The minimum values for functions / data', '2', '1');
INSERT INTO configuration_group VALUES ('3', 'Maximum Values', 'The maximum values for functions / data', '3', '1');
INSERT INTO configuration_group VALUES ('4', 'Images', 'Image parameters', '4', '1');
INSERT INTO configuration_group VALUES ('5', 'Customer Details', 'Customer account configuration', '5', '1');
INSERT INTO configuration_group VALUES ('6', 'Module Options', 'Hidden from configuration', '6', '0');
INSERT INTO configuration_group VALUES ('7', 'Shipping/Packaging', 'Shipping options available at my store', '7', '1');
INSERT INTO configuration_group VALUES ('8', 'Product Listing', 'Product Listing    configuration options', '8', '1');
INSERT INTO configuration_group VALUES ('9', 'Stock', 'Stock configuration options', '9', '1');
INSERT INTO configuration_group VALUES ('10', 'Logging', 'Logging configuration options', '10', '1');
INSERT INTO configuration_group VALUES ('12', 'E-Mail Options', 'General setting for E-Mail transport and HTML E-Mails', '12', '1');
INSERT INTO configuration_group VALUES ('13', 'Download', 'Downloadable products options', '13', '1');
INSERT INTO configuration_group VALUES ('14', 'GZip Compression', 'GZip compression options', '14', '1');
INSERT INTO configuration_group VALUES ('15', 'Sessions', 'Session options', '15', '1');
INSERT INTO configuration_group VALUES ('16', 'Bootstrap Setup', 'Basic Bootstrap Options', '16', '1');
INSERT INTO configuration_group VALUES ('17', 'HTTP/API Settings', 'HTTP/API Settings', '17', '1');

INSERT INTO countries VALUES (1,'Afghanistan','AF','AFG','1');
INSERT INTO countries VALUES (2,'Albania','AL','ALB','1');
INSERT INTO countries VALUES (3,'Algeria','DZ','DZA','1');
INSERT INTO countries VALUES (4,'American Samoa','AS','ASM','1');
INSERT INTO countries VALUES (5,'Andorra','AD','AND','1');
INSERT INTO countries VALUES (6,'Angola','AO','AGO','1');
INSERT INTO countries VALUES (7,'Anguilla','AI','AIA','1');
INSERT INTO countries VALUES (8,'Antarctica','AQ','ATA','1');
INSERT INTO countries VALUES (9,'Antigua and Barbuda','AG','ATG','1');
INSERT INTO countries VALUES (10,'Argentina','AR','ARG','1');
INSERT INTO countries VALUES (11,'Armenia','AM','ARM','1');
INSERT INTO countries VALUES (12,'Aruba','AW','ABW','1');
INSERT INTO countries VALUES (13,'Australia','AU','AUS','1');
INSERT INTO countries VALUES (14,'Austria','AT','AUT','5');
INSERT INTO countries VALUES (15,'Azerbaijan','AZ','AZE','1');
INSERT INTO countries VALUES (16,'Bahamas','BS','BHS','1');
INSERT INTO countries VALUES (17,'Bahrain','BH','BHR','1');
INSERT INTO countries VALUES (18,'Bangladesh','BD','BGD','1');
INSERT INTO countries VALUES (19,'Barbados','BB','BRB','1');
INSERT INTO countries VALUES (20,'Belarus','BY','BLR','1');
INSERT INTO countries VALUES (21,'Belgium','BE','BEL','1');
INSERT INTO countries VALUES (22,'Belize','BZ','BLZ','1');
INSERT INTO countries VALUES (23,'Benin','BJ','BEN','1');
INSERT INTO countries VALUES (24,'Bermuda','BM','BMU','1');
INSERT INTO countries VALUES (25,'Bhutan','BT','BTN','1');
INSERT INTO countries VALUES (26,'Bolivia','BO','BOL','1');
INSERT INTO countries VALUES (27,'Bosnia and Herzegowina','BA','BIH','1');
INSERT INTO countries VALUES (28,'Botswana','BW','BWA','1');
INSERT INTO countries VALUES (29,'Bouvet Island','BV','BVT','1');
INSERT INTO countries VALUES (30,'Brazil','BR','BRA','1');
INSERT INTO countries VALUES (31,'British Indian Ocean Territory','IO','IOT','1');
INSERT INTO countries VALUES (32,'Brunei Darussalam','BN','BRN','1');
INSERT INTO countries VALUES (33,'Bulgaria','BG','BGR','1');
INSERT INTO countries VALUES (34,'Burkina Faso','BF','BFA','1');
INSERT INTO countries VALUES (35,'Burundi','BI','BDI','1');
INSERT INTO countries VALUES (36,'Cambodia','KH','KHM','1');
INSERT INTO countries VALUES (37,'Cameroon','CM','CMR','1');
INSERT INTO countries VALUES (38,'Canada','CA','CAN','1');
INSERT INTO countries VALUES (39,'Cape Verde','CV','CPV','1');
INSERT INTO countries VALUES (40,'Cayman Islands','KY','CYM','1');
INSERT INTO countries VALUES (41,'Central African Republic','CF','CAF','1');
INSERT INTO countries VALUES (42,'Chad','TD','TCD','1');
INSERT INTO countries VALUES (43,'Chile','CL','CHL','1');
INSERT INTO countries VALUES (44,'China','CN','CHN','1');
INSERT INTO countries VALUES (45,'Christmas Island','CX','CXR','1');
INSERT INTO countries VALUES (46,'Cocos (Keeling) Islands','CC','CCK','1');
INSERT INTO countries VALUES (47,'Colombia','CO','COL','1');
INSERT INTO countries VALUES (48,'Comoros','KM','COM','1');
INSERT INTO countries VALUES (49,'Congo','CG','COG','1');
INSERT INTO countries VALUES (50,'Cook Islands','CK','COK','1');
INSERT INTO countries VALUES (51,'Costa Rica','CR','CRI','1');
INSERT INTO countries VALUES (52,'Cote D\'Ivoire','CI','CIV','1');
INSERT INTO countries VALUES (53,'Croatia','HR','HRV','1');
INSERT INTO countries VALUES (54,'Cuba','CU','CUB','1');
INSERT INTO countries VALUES (55,'Cyprus','CY','CYP','1');
INSERT INTO countries VALUES (56,'Czech Republic','CZ','CZE','1');
INSERT INTO countries VALUES (57,'Denmark','DK','DNK','1');
INSERT INTO countries VALUES (58,'Djibouti','DJ','DJI','1');
INSERT INTO countries VALUES (59,'Dominica','DM','DMA','1');
INSERT INTO countries VALUES (60,'Dominican Republic','DO','DOM','1');
INSERT INTO countries VALUES (61,'East Timor','TP','TMP','1');
INSERT INTO countries VALUES (62,'Ecuador','EC','ECU','1');
INSERT INTO countries VALUES (63,'Egypt','EG','EGY','1');
INSERT INTO countries VALUES (64,'El Salvador','SV','SLV','1');
INSERT INTO countries VALUES (65,'Equatorial Guinea','GQ','GNQ','1');
INSERT INTO countries VALUES (66,'Eritrea','ER','ERI','1');
INSERT INTO countries VALUES (67,'Estonia','EE','EST','1');
INSERT INTO countries VALUES (68,'Ethiopia','ET','ETH','1');
INSERT INTO countries VALUES (69,'Falkland Islands (Malvinas)','FK','FLK','1');
INSERT INTO countries VALUES (70,'Faroe Islands','FO','FRO','1');
INSERT INTO countries VALUES (71,'Fiji','FJ','FJI','1');
INSERT INTO countries VALUES (72,'Finland','FI','FIN','1');
INSERT INTO countries VALUES (73,'France','FR','FRA','1');
INSERT INTO countries VALUES (74,'France, Metropolitan','FX','FXX','1');
INSERT INTO countries VALUES (75,'French Guiana','GF','GUF','1');
INSERT INTO countries VALUES (76,'French Polynesia','PF','PYF','1');
INSERT INTO countries VALUES (77,'French Southern Territories','TF','ATF','1');
INSERT INTO countries VALUES (78,'Gabon','GA','GAB','1');
INSERT INTO countries VALUES (79,'Gambia','GM','GMB','1');
INSERT INTO countries VALUES (80,'Georgia','GE','GEO','1');
INSERT INTO countries VALUES (81,'Germany','DE','DEU','5');
INSERT INTO countries VALUES (82,'Ghana','GH','GHA','1');
INSERT INTO countries VALUES (83,'Gibraltar','GI','GIB','1');
INSERT INTO countries VALUES (84,'Greece','GR','GRC','1');
INSERT INTO countries VALUES (85,'Greenland','GL','GRL','1');
INSERT INTO countries VALUES (86,'Grenada','GD','GRD','1');
INSERT INTO countries VALUES (87,'Guadeloupe','GP','GLP','1');
INSERT INTO countries VALUES (88,'Guam','GU','GUM','1');
INSERT INTO countries VALUES (89,'Guatemala','GT','GTM','1');
INSERT INTO countries VALUES (90,'Guinea','GN','GIN','1');
INSERT INTO countries VALUES (91,'Guinea-bissau','GW','GNB','1');
INSERT INTO countries VALUES (92,'Guyana','GY','GUY','1');
INSERT INTO countries VALUES (93,'Haiti','HT','HTI','1');
INSERT INTO countries VALUES (94,'Heard and Mc Donald Islands','HM','HMD','1');
INSERT INTO countries VALUES (95,'Honduras','HN','HND','1');
INSERT INTO countries VALUES (96,'Hong Kong','HK','HKG','1');
INSERT INTO countries VALUES (97,'Hungary','HU','HUN','1');
INSERT INTO countries VALUES (98,'Iceland','IS','ISL','1');
INSERT INTO countries VALUES (99,'India','IN','IND','1');
INSERT INTO countries VALUES (100,'Indonesia','ID','IDN','1');
INSERT INTO countries VALUES (101,'Iran (Islamic Republic of)','IR','IRN','1');
INSERT INTO countries VALUES (102,'Iraq','IQ','IRQ','1');
INSERT INTO countries VALUES (103,'Ireland','IE','IRL','1');
INSERT INTO countries VALUES (104,'Israel','IL','ISR','1');
INSERT INTO countries VALUES (105,'Italy','IT','ITA','1');
INSERT INTO countries VALUES (106,'Jamaica','JM','JAM','1');
INSERT INTO countries VALUES (107,'Japan','JP','JPN','1');
INSERT INTO countries VALUES (108,'Jordan','JO','JOR','1');
INSERT INTO countries VALUES (109,'Kazakhstan','KZ','KAZ','1');
INSERT INTO countries VALUES (110,'Kenya','KE','KEN','1');
INSERT INTO countries VALUES (111,'Kiribati','KI','KIR','1');
INSERT INTO countries VALUES (112,'Korea, Democratic People\'s Republic of','KP','PRK','1');
INSERT INTO countries VALUES (113,'Korea, Republic of','KR','KOR','1');
INSERT INTO countries VALUES (114,'Kuwait','KW','KWT','1');
INSERT INTO countries VALUES (115,'Kyrgyzstan','KG','KGZ','1');
INSERT INTO countries VALUES (116,'Lao People\'s Democratic Republic','LA','LAO','1');
INSERT INTO countries VALUES (117,'Latvia','LV','LVA','1');
INSERT INTO countries VALUES (118,'Lebanon','LB','LBN','1');
INSERT INTO countries VALUES (119,'Lesotho','LS','LSO','1');
INSERT INTO countries VALUES (120,'Liberia','LR','LBR','1');
INSERT INTO countries VALUES (121,'Libyan Arab Jamahiriya','LY','LBY','1');
INSERT INTO countries VALUES (122,'Liechtenstein','LI','LIE','1');
INSERT INTO countries VALUES (123,'Lithuania','LT','LTU','1');
INSERT INTO countries VALUES (124,'Luxembourg','LU','LUX','1');
INSERT INTO countries VALUES (125,'Macau','MO','MAC','1');
INSERT INTO countries VALUES (126,'Macedonia, The Former Yugoslav Republic of','MK','MKD','1');
INSERT INTO countries VALUES (127,'Madagascar','MG','MDG','1');
INSERT INTO countries VALUES (128,'Malawi','MW','MWI','1');
INSERT INTO countries VALUES (129,'Malaysia','MY','MYS','1');
INSERT INTO countries VALUES (130,'Maldives','MV','MDV','1');
INSERT INTO countries VALUES (131,'Mali','ML','MLI','1');
INSERT INTO countries VALUES (132,'Malta','MT','MLT','1');
INSERT INTO countries VALUES (133,'Marshall Islands','MH','MHL','1');
INSERT INTO countries VALUES (134,'Martinique','MQ','MTQ','1');
INSERT INTO countries VALUES (135,'Mauritania','MR','MRT','1');
INSERT INTO countries VALUES (136,'Mauritius','MU','MUS','1');
INSERT INTO countries VALUES (137,'Mayotte','YT','MYT','1');
INSERT INTO countries VALUES (138,'Mexico','MX','MEX','1');
INSERT INTO countries VALUES (139,'Micronesia, Federated States of','FM','FSM','1');
INSERT INTO countries VALUES (140,'Moldova, Republic of','MD','MDA','1');
INSERT INTO countries VALUES (141,'Monaco','MC','MCO','1');
INSERT INTO countries VALUES (142,'Mongolia','MN','MNG','1');
INSERT INTO countries VALUES (143,'Montserrat','MS','MSR','1');
INSERT INTO countries VALUES (144,'Morocco','MA','MAR','1');
INSERT INTO countries VALUES (145,'Mozambique','MZ','MOZ','1');
INSERT INTO countries VALUES (146,'Myanmar','MM','MMR','1');
INSERT INTO countries VALUES (147,'Namibia','NA','NAM','1');
INSERT INTO countries VALUES (148,'Nauru','NR','NRU','1');
INSERT INTO countries VALUES (149,'Nepal','NP','NPL','1');
INSERT INTO countries VALUES (150,'Netherlands','NL','NLD','1');
INSERT INTO countries VALUES (151,'Netherlands Antilles','AN','ANT','1');
INSERT INTO countries VALUES (152,'New Caledonia','NC','NCL','1');
INSERT INTO countries VALUES (153,'New Zealand','NZ','NZL','1');
INSERT INTO countries VALUES (154,'Nicaragua','NI','NIC','1');
INSERT INTO countries VALUES (155,'Niger','NE','NER','1');
INSERT INTO countries VALUES (156,'Nigeria','NG','NGA','1');
INSERT INTO countries VALUES (157,'Niue','NU','NIU','1');
INSERT INTO countries VALUES (158,'Norfolk Island','NF','NFK','1');
INSERT INTO countries VALUES (159,'Northern Mariana Islands','MP','MNP','1');
INSERT INTO countries VALUES (160,'Norway','NO','NOR','1');
INSERT INTO countries VALUES (161,'Oman','OM','OMN','1');
INSERT INTO countries VALUES (162,'Pakistan','PK','PAK','1');
INSERT INTO countries VALUES (163,'Palau','PW','PLW','1');
INSERT INTO countries VALUES (164,'Panama','PA','PAN','1');
INSERT INTO countries VALUES (165,'Papua New Guinea','PG','PNG','1');
INSERT INTO countries VALUES (166,'Paraguay','PY','PRY','1');
INSERT INTO countries VALUES (167,'Peru','PE','PER','1');
INSERT INTO countries VALUES (168,'Philippines','PH','PHL','1');
INSERT INTO countries VALUES (169,'Pitcairn','PN','PCN','1');
INSERT INTO countries VALUES (170,'Poland','PL','POL','1');
INSERT INTO countries VALUES (171,'Portugal','PT','PRT','1');
INSERT INTO countries VALUES (172,'Puerto Rico','PR','PRI','1');
INSERT INTO countries VALUES (173,'Qatar','QA','QAT','1');
INSERT INTO countries VALUES (174,'Reunion','RE','REU','1');
INSERT INTO countries VALUES (175,'Romania','RO','ROM','1');
INSERT INTO countries VALUES (176,'Russian Federation','RU','RUS','1');
INSERT INTO countries VALUES (177,'Rwanda','RW','RWA','1');
INSERT INTO countries VALUES (178,'Saint Kitts and Nevis','KN','KNA','1');
INSERT INTO countries VALUES (179,'Saint Lucia','LC','LCA','1');
INSERT INTO countries VALUES (180,'Saint Vincent and the Grenadines','VC','VCT','1');
INSERT INTO countries VALUES (181,'Samoa','WS','WSM','1');
INSERT INTO countries VALUES (182,'San Marino','SM','SMR','1');
INSERT INTO countries VALUES (183,'Sao Tome and Principe','ST','STP','1');
INSERT INTO countries VALUES (184,'Saudi Arabia','SA','SAU','1');
INSERT INTO countries VALUES (185,'Senegal','SN','SEN','1');
INSERT INTO countries VALUES (186,'Seychelles','SC','SYC','1');
INSERT INTO countries VALUES (187,'Sierra Leone','SL','SLE','1');
INSERT INTO countries VALUES (188,'Singapore','SG','SGP', '4');
INSERT INTO countries VALUES (189,'Slovakia (Slovak Republic)','SK','SVK','1');
INSERT INTO countries VALUES (190,'Slovenia','SI','SVN','1');
INSERT INTO countries VALUES (191,'Solomon Islands','SB','SLB','1');
INSERT INTO countries VALUES (192,'Somalia','SO','SOM','1');
INSERT INTO countries VALUES (193,'South Africa','ZA','ZAF','1');
INSERT INTO countries VALUES (194,'South Georgia and the South Sandwich Islands','GS','SGS','1');
INSERT INTO countries VALUES (195,'Spain','ES','ESP','3');
INSERT INTO countries VALUES (196,'Sri Lanka','LK','LKA','1');
INSERT INTO countries VALUES (197,'St. Helena','SH','SHN','1');
INSERT INTO countries VALUES (198,'St. Pierre and Miquelon','PM','SPM','1');
INSERT INTO countries VALUES (199,'Sudan','SD','SDN','1');
INSERT INTO countries VALUES (200,'Suriname','SR','SUR','1');
INSERT INTO countries VALUES (201,'Svalbard and Jan Mayen Islands','SJ','SJM','1');
INSERT INTO countries VALUES (202,'Swaziland','SZ','SWZ','1');
INSERT INTO countries VALUES (203,'Sweden','SE','SWE','1');
INSERT INTO countries VALUES (204,'Switzerland','CH','CHE','1');
INSERT INTO countries VALUES (205,'Syrian Arab Republic','SY','SYR','1');
INSERT INTO countries VALUES (206,'Taiwan','TW','TWN','1');
INSERT INTO countries VALUES (207,'Tajikistan','TJ','TJK','1');
INSERT INTO countries VALUES (208,'Tanzania, United Republic of','TZ','TZA','1');
INSERT INTO countries VALUES (209,'Thailand','TH','THA','1');
INSERT INTO countries VALUES (210,'Togo','TG','TGO','1');
INSERT INTO countries VALUES (211,'Tokelau','TK','TKL','1');
INSERT INTO countries VALUES (212,'Tonga','TO','TON','1');
INSERT INTO countries VALUES (213,'Trinidad and Tobago','TT','TTO','1');
INSERT INTO countries VALUES (214,'Tunisia','TN','TUN','1');
INSERT INTO countries VALUES (215,'Turkey','TR','TUR','1');
INSERT INTO countries VALUES (216,'Turkmenistan','TM','TKM','1');
INSERT INTO countries VALUES (217,'Turks and Caicos Islands','TC','TCA','1');
INSERT INTO countries VALUES (218,'Tuvalu','TV','TUV','1');
INSERT INTO countries VALUES (219,'Uganda','UG','UGA','1');
INSERT INTO countries VALUES (220,'Ukraine','UA','UKR','1');
INSERT INTO countries VALUES (221,'United Arab Emirates','AE','ARE','1');
INSERT INTO countries VALUES (222,'United Kingdom','GB','GBR','1');
INSERT INTO countries VALUES (223,'United States','US','USA', '2');
INSERT INTO countries VALUES (224,'United States Minor Outlying Islands','UM','UMI','1');
INSERT INTO countries VALUES (225,'Uruguay','UY','URY','1');
INSERT INTO countries VALUES (226,'Uzbekistan','UZ','UZB','1');
INSERT INTO countries VALUES (227,'Vanuatu','VU','VUT','1');
INSERT INTO countries VALUES (228,'Vatican City State (Holy See)','VA','VAT','1');
INSERT INTO countries VALUES (229,'Venezuela','VE','VEN','1');
INSERT INTO countries VALUES (230,'Viet Nam','VN','VNM','1');
INSERT INTO countries VALUES (231,'Virgin Islands (British)','VG','VGB','1');
INSERT INTO countries VALUES (232,'Virgin Islands (U.S.)','VI','VIR','1');
INSERT INTO countries VALUES (233,'Wallis and Futuna Islands','WF','WLF','1');
INSERT INTO countries VALUES (234,'Western Sahara','EH','ESH','1');
INSERT INTO countries VALUES (235,'Yemen','YE','YEM','1');
INSERT INTO countries VALUES (236,'Yugoslavia','YU','YUG','1');
INSERT INTO countries VALUES (237,'Zaire','ZR','ZAR','1');
INSERT INTO countries VALUES (238,'Zambia','ZM','ZMB','1');
INSERT INTO countries VALUES (239,'Zimbabwe','ZW','ZWE','1');

INSERT INTO currencies VALUES (1,'U.S. Dollar','USD','$','','.',',','2','1.0000', now());
INSERT INTO currencies VALUES (2,'Euro','EUR','','','.',',','2','1.0000', now());

INSERT INTO languages VALUES (1,'English','en','us','english',1);

INSERT INTO manufacturers VALUES (2, 'Microsoft', 'manufacturer_microsoft.gif', now(), null);
INSERT INTO manufacturers VALUES (8, 'Kuuzu', 'manufacturer-kuuzu.jpg', now(), null);
INSERT INTO manufacturers VALUES (9, 'Hewlett Packard', 'manufacturer_hewlett_packard.gif', now(), null);
INSERT INTO manufacturers VALUES (10, 'Samsung', 'manufacturer_samsung.png', now(), null);
INSERT INTO manufacturers VALUES (11, 'Handground', 'manufacturer_handground.jpg', now(), null);

INSERT INTO manufacturers_info VALUES (2, 1, 'http://www.microsoft.com', 0, null, null, null, null, null);
INSERT INTO manufacturers_info VALUES (8, 1, 'https://kuuzu.org', 0, null, null, null, null, null);
INSERT INTO manufacturers_info VALUES (9, 1, 'http://www.hewlettpackard.com', 0, null, null, null, null, null);
INSERT INTO manufacturers_info VALUES (10, 1, 'http://www.samsung.com', 0, null, null, null, null, null);
INSERT INTO manufacturers_info VALUES (11, 1, 'https://handground.com', 0, null, null, null, null, null);

INSERT INTO orders_status VALUES ( '1', '1', 'Pending', '1', '0');
INSERT INTO orders_status VALUES ( '2', '1', 'Processing', '1', '1');
INSERT INTO orders_status VALUES ( '3', '1', 'Delivered', '1', '1');

INSERT INTO products VALUES (22, 13, 'Q5Y-00007', 'microsoft/Office-365-thumb.jpg', '375.0000', now(),null,null, '0.00', 1, 1, 2, 0, null);
INSERT INTO products VALUES (27, 8, 'Z3M41D', 'hewlett_packard/Photo7120-01-thumb.png', '129.0000', now(),null,null, '4.00', 1, 1, 9, 0, '00190781429326');
INSERT INTO products VALUES (28, 100, '1106525181', 'handground/hand-coffee-grinder-thumb.jpg', '69.0000', now(),null,null, '2.00', 1, 1, 11, 0, null);
INSERT INTO products VALUES (29, 8, 'S9', 'samsung/Samsung-Galaxy-S9-05-thumb.jpg', '1199.0000', now(),null,null, '1.00', 1, 1, 10, 0, '08018417247606');
INSERT INTO products VALUES (30, 100, 'kuuzu-tshirt', 'kuuzu/front-thumb.jpg', '25.0000', now(),null,null, '0.50', 1, 1, 8, 0, null);
INSERT INTO products VALUES (31, 100, 'womens-tee', 'kuuzu/womens-grey-tee-thumb.jpg', '25.0000', now(),null,null, '0.50', 1, 1, 8, 0, null);

INSERT INTO products_description VALUES (22, 1, 'Microsoft Office 365 Small Business Premium', '<h3>Office across your devices</h3>\r\n<p>Always have the latest versions of your familiar Office applications, no matter which device you''re using-PC/Mac, tablet, or phone.</p>\r\n\r\n<h3>Simplify how you work together</h3>\r\n<p>Store, sync, and share your files online so they''re always up to date. Plus, you can edit documents with others in real time.</p>\r\n\r\n<h3>Easy setup and management</h3>\r\n<p>With step-by-step guidance, you can set up users easily and start using the services fast. And Office 365 takes care of IT for you.</p>\r\n\r\n<h4>Office 365 Business Premium includes:</h4>\r\n<p>Familiar Office tools</p>\r\n<ul>\r\n  <li>Word</li>\r\n  <li>Excel</li>\r\n  <li>PowerPoint</li>\r\n  <li>Outlook</li>\r\n  <li>SharePoint</li>\r\n  <li>OneDrive</li>\r\n  <li>OneNote</li>\r\n  <li>Publisher (PC only)</li>\r\n  <li>Skype for Business</li>\r\n  <li>Access (PC only)</li>\r\n\r\n<p>Enjoy a fully installed Office experience across PCs, Macs, Windows tablets, iPad and Android tablets, and most mobile devices. Each user can install Office on 5 PCs or Macs, 5 tablets (Windows, iPad, and Android), and 5 phones.</p>', 'products.office.com/en-us/business/office-365-business-premium', 3, null, null, null);
INSERT INTO products_description VALUES (27, 1, 'HP ENVY Photo 7120 All-in-One Printer', '<dl>\r\n  <dd>\r\n    <span>Get true-to-life photos and increased versatility. Produce authentic colors, and set up, connect, and print right from your mobile device. Go from memory card to photo printout with ease.</span>\r\n  </dd>\r\n</dl>\r\n<dl>\r\n  <dd>\r\n    <span>Dynamic security enabled printer. Contains technology that may prevent cartridges with non-HP chips or circuitry from working now or in the future.</span>\r\n  </dd>\r\n</dl>\r\n  <h2 xmlns="http://www.w3.org/1999/xhtml" class="group_head">Features</h2>\r\n    <h3 align="left">\r\n       <div>\r\n          <p>Stunning photos for less than 5 cents</p>\r\n       </div>\r\n    </h3>\r\n<dl>\r\n  <dd><p>With HP Instant Ink, get ink delivered to your door and print photos for less than five cents.</p></dd>\r\n</dl>\r\n<dl>\r\n  <dd><p>HP 64 ink cartridges deliver authentic colors so all your prints will shine.</p></dd>\r\n</dl>\r\n<dl>\r\n  <dd><p>Create stunning borderless photos and flyers  right in your home.</p></dd>\r\n</dl>\r\n  <h3 align="left">\r\n    <div>\r\n      <p>The power of your printer in the palm of your hand</p>\r\n    </div>\r\n  </h3>\r\n<dl>\r\n  <dd><p>Printing photos just got easier  from social media, the cloud, and your camera-roll gallery.</p></dd>\r\n</dl>\r\n<dl>\r\n  <dd><p>Amazing scanning, now on your smartphone. Scan and share to email or the cloud  from virtually anywhere.</p></dd>\r\n</dl>\r\n<dl>\r\n  <dd><p>Ordering ink has never been easier  directly through the app.</p></dd>\r\n</dl>\r\n<dl>\r\n  <dd><p>Easily print photos and everyday documents directly from your smartphone or tablet.</p></dd>\r\n</dl>\r\n  <h3 align="left">\r\n    <div>\r\n      <p>A new level of wireless connectivity you can count on</p>\r\n    </div>\r\n  </h3>\r\n<dl>\r\n  <dd><p>Get simple Wi-Fi setup in minutes, and start printing fast.</p></dd>\r\n</dl>\r\n  <h3 align="left">\r\n    <div>\r\n      <p>HP''s most versatile printer for home</p>\r\n    </div>\r\n  </h3>\r\n<dl>\r\n  <dd><p>Simply insert an SD card, then view, edit, and print photos quickly.</p></dd>\r\n</dl>\r\n<dl>\r\n  <dd><p>Easily print, copy, and scan, with a seamless, smartphone-style 2.7-inch color touchscreen.</p></dd>\r\n</dl>\r\n<dl>\r\n  <dd><p>Dedicated paper trays automatically match print settings to paper type.</p></dd>\r\n</dl>\r\n<dl>\r\n  <dd><p>Speed through multipage print jobs with automatic two-sided printing.</p></dd>\r\n</dl>', 'www8.hp.com/au/en/products/printers/product-detail.html?oid=16449794', 4, null, null, null);
INSERT INTO products_description VALUES (28, 1, 'Handground Precision Coffee Grinder', '<h4>Get the full taste.</h4>\r\n<p>Every coffee bean has hundreds of flavors and aromatics locked inside. Handground makes it easy to achieve a consistent grind and release the full flavor potential in every cup you brew.</p>\r\n\r\n<h4>Grind For Any Brew</h4>\r\n<p>We drew inspiration from the focus ring on a camera lens so selecting the right grind size is simple. Twist the numbered ring to setting 1 to produce an espresso grind or 8 for French Press. There is a step in between each number for a total of 15 coarseness settings.</p>\r\n\r\n<h4>Lock And Load</h4>\r\n<p>The hopper opens extra wide so loading up to 100 grams of coffee is a breeze. The top locks on with a quarter twist to prevent beans from flying out while grinding. If there isn''t a scale available, each measurement mark on the side of the hopper represents ~10 grams of beans.</p>\r\n\r\n<h4>Manual Made Easy</h4>\r\n<p>Handground is the first portable manual coffee grinder with a side mounted handle. Placing the handle on the side allows for a more natural motion and the ability to place your opposite hand on top of the grinder for stabilization. The handle is made from solid aluminum and complimented by a beautiful pakka wood knob.</p>\r\n\r\n<h4>Balanced Speed & Effort</h4>\r\n<p>At the heart of Handground is a 40mm conical ceramic burr mill that crushes coffee beans into an even particle size. The geometry of the burr is fine tuned to balance the speed which it grinds and the torque required to turn the handle. The result is that grinding takes just the right amount of effort in the right amount of time.</p>\r\n\r\n<h4>Consistent Grind Every Time</h4>\r\n<p>Running down the center of Handground is a stainless steel axle that drives the burr mill. The axle is mounted on metal bushings in three locations to keep it stable while grinding and eliminate burr wobble. Each axle is milled on a 5 axis CNC that maintains tolerances of 0.004 inches. The combination of added stability and razor thin tolerances allows Handground to achieve a consistent grind, every time.</p>\r\n\r\n<h4>Grip While You Grind</h4>\r\n<p>As coffee grounds exit the burr mill they drop into the glass catcher at the base of Handground. An unsung hero of Handgrounds ease of use is a grip pad on the bottom that forms a strong connection with smooth countertops. The extra grip tremendously reduces the strength required to hold the grinder steady while grinding.</p>', 'handground.com/handground-precision-coffee-grinder', 2, null, null, null);
INSERT INTO products_description VALUES (29, 1, 'Samsung Galaxy S9', '<h3>See more. Hold less.</h3>\r\n<p>Open up your view with this grand edge-to-edge display that fits comfortably in your hand. It curves over the sides for a sight that seems boundless with minimal visual distractions.</p>\r\n\r\n<h3>Embrace the big screen experience.</h3>\r\n<p>The 18.5:9 display ratio gives you a cinematic view. While the stereo speakers tuned by AKG and enhanced with Dolby Atmos offer pure, surround sound.</p>\r\n\r\n<h3>See your photos as they were meant to be seen.</h3>\r\n<p>View your photos and videos vividly on this bright display. It also increases the contrast when you''re outsideso even in broad daylight you and your friends will see stunning detail on-screen.</p>\r\n\r\n<h3>Invisible details make the difference.</h3>\r\n<p>Sleek and stunning. The screen and the bezel blend together to form a seamless design. Meanwhile, the iris scanner is hidden away within the upper bezel to highlight the Infinity Display.</p>\r\n\r\n<h3>Designed to be held.</h3>\r\n<p>Galaxy S9 and S9+ have a beautiful design that''s made to fit comfortably in your hand. The camera sits flush with the back for a smooth surface. While the fingerprint sensor is ergonomically placed to let you unlock with one easy move.</p>', 'http://www.samsung.com/us/smartphones/galaxy-s9/design/', 5, null, null, null);
INSERT INTO products_description VALUES (30, 1, 'Kuuzu T-Shirt', 'Proudly show your Kuuzu colours with this 100% cotton t-shirt', 'kuuzu.org', 3, null, null, null);
INSERT INTO products_description VALUES (31, 1, 'Women''s Grey Tee', 'Comfort meets style with this 100% cotton tee.', '', 2, null, null, null);

INSERT INTO products_attributes VALUES (26, 22, 5, 10, '0.0000', '+');
INSERT INTO products_attributes VALUES (27, 22, 5, 13, '0.0000', '+');
INSERT INTO products_attributes VALUES (28, 29, 1, 14, '0.0000', '+');
INSERT INTO products_attributes VALUES (29, 29, 1, 15, '0.0000', '+');
INSERT INTO products_attributes VALUES (30, 29, 1, 16, '0.0000', '+');
INSERT INTO products_attributes VALUES (31, 29, 6, 17, '0.0000', '');
INSERT INTO products_attributes VALUES (32, 29, 6, 18, '150.0000', '+');
INSERT INTO products_attributes VALUES (33, 30, 2, 19, '0.0000', '+');
INSERT INTO products_attributes VALUES (34, 30, 2, 20, '0.0000', '+');
INSERT INTO products_attributes VALUES (35, 30, 2, 21, '0.0000', '+');
INSERT INTO products_attributes VALUES (36, 31, 2, 19, '0.0000', '+');
INSERT INTO products_attributes VALUES (37, 31, 2, 20, '0.0000', '+');
INSERT INTO products_attributes VALUES (38, 31, 2, 21, '0.0000', '+');

INSERT INTO products_attributes_download VALUES (26, 'test.zip', 7, 3);

INSERT INTO products_images VALUES (1, 28, 'handground/hand-coffee-grinder.jpg', '', 1);
INSERT INTO products_images VALUES (2, 28, 'handground/hand-coffee-grinder-02.jpg', '', 2);
INSERT INTO products_images VALUES (3, 28, 'handground/hand-coffee-grinder-03.jpg', '', 3);
INSERT INTO products_images VALUES (13, 27, 'hewlett_packard/Photo7120-01.png', '', 1);
INSERT INTO products_images VALUES (14, 27, 'hewlett_packard/Photo7120-02.png', '', 2);
INSERT INTO products_images VALUES (15, 27, 'hewlett_packard/Photo7120-03.png', '', 3);
INSERT INTO products_images VALUES (16, 27, 'hewlett_packard/Photo7120-04.png', '', 4);
INSERT INTO products_images VALUES (17, 27, 'hewlett_packard/Photo7120-05.png', '', 5);
INSERT INTO products_images VALUES (18, 27, 'hewlett_packard/Photo7120-06.png', '', 6);
INSERT INTO products_images VALUES (19, 29, 'samsung/Samsung-Galaxy-S9-05.jpg', '', 1);
INSERT INTO products_images VALUES (20, 29, 'samsung/Samsung-Galaxy-S9-01.jpg', '', 2);
INSERT INTO products_images VALUES (21, 29, 'samsung/Samsung-Galaxy-S9-02.jpg', '', 3);
INSERT INTO products_images VALUES (22, 29, 'samsung/Samsung-Galaxy-S9-03.jpg', '', 4);
INSERT INTO products_images VALUES (23, 29, 'samsung/Samsung-Galaxy-S9-04.jpg', '', 5);
INSERT INTO products_images VALUES (25, 22, 'microsoft/Office-365.jpg', '', 1);
INSERT INTO products_images VALUES (26, 30, 'kuuzu/front.jpg', '', 1);
INSERT INTO products_images VALUES (27, 30, 'kuuzu/back.jpg', '', 2);
INSERT INTO products_images VALUES (28, 31, 'kuuzu/womens-grey-tee.jpg', '', 1);


INSERT INTO products_options VALUES (1, 1, 'Color');
INSERT INTO products_options VALUES (2, 1, 'Size');
INSERT INTO products_options VALUES (3, 1, 'Model');
INSERT INTO products_options VALUES (4, 1, 'Memory');
INSERT INTO products_options VALUES (5, 1, 'Version');
INSERT INTO products_options VALUES (6, 1, 'Storage');

INSERT INTO products_options_values VALUES (1, 1, '4 mb');
INSERT INTO products_options_values VALUES (2, 1, '8 mb');
INSERT INTO products_options_values VALUES (3, 1, '16 mb');
INSERT INTO products_options_values VALUES (4, 1, '32 mb');
INSERT INTO products_options_values VALUES (5, 1, 'Value');
INSERT INTO products_options_values VALUES (6, 1, 'Premium');
INSERT INTO products_options_values VALUES (7, 1, 'Deluxe');
INSERT INTO products_options_values VALUES (8, 1, 'PS/2');
INSERT INTO products_options_values VALUES (9, 1, 'USB');
INSERT INTO products_options_values VALUES (10, 1, 'Download: Windows - English');
INSERT INTO products_options_values VALUES (13, 1, 'Box: Windows - English');
INSERT INTO products_options_values VALUES (14, 1, 'Midnight Black');
INSERT INTO products_options_values VALUES (15, 1, 'Lilac Purple');
INSERT INTO products_options_values VALUES (16, 1, 'Coral Blue');
INSERT INTO products_options_values VALUES (17, 1, '64GB');
INSERT INTO products_options_values VALUES (18, 1, '256GB');
INSERT INTO products_options_values VALUES (19, 1, 'Small');
INSERT INTO products_options_values VALUES (20, 1, 'Medium');
INSERT INTO products_options_values VALUES (21, 1, 'Large');

INSERT INTO products_options_values_to_products_options VALUES (1, 4, 1);
INSERT INTO products_options_values_to_products_options VALUES (2, 4, 2);
INSERT INTO products_options_values_to_products_options VALUES (3, 4, 3);
INSERT INTO products_options_values_to_products_options VALUES (4, 4, 4);
INSERT INTO products_options_values_to_products_options VALUES (5, 3, 5);
INSERT INTO products_options_values_to_products_options VALUES (6, 3, 6);
INSERT INTO products_options_values_to_products_options VALUES (7, 3, 7);
INSERT INTO products_options_values_to_products_options VALUES (8, 3, 8);
INSERT INTO products_options_values_to_products_options VALUES (9, 3, 9);
INSERT INTO products_options_values_to_products_options VALUES (10, 5, 10);
INSERT INTO products_options_values_to_products_options VALUES (13, 5, 13);
INSERT INTO products_options_values_to_products_options VALUES (14, 1, 14);
INSERT INTO products_options_values_to_products_options VALUES (15, 1, 15);
INSERT INTO products_options_values_to_products_options VALUES (16, 1, 16);
INSERT INTO products_options_values_to_products_options VALUES (17, 6, 17);
INSERT INTO products_options_values_to_products_options VALUES (18, 6, 18);
INSERT INTO products_options_values_to_products_options VALUES (19, 2, 19);
INSERT INTO products_options_values_to_products_options VALUES (20, 2, 20);
INSERT INTO products_options_values_to_products_options VALUES (21, 2, 21);

INSERT INTO products_to_categories VALUES (22, 19);
INSERT INTO products_to_categories VALUES (27, 5);
INSERT INTO products_to_categories VALUES (28, 21);
INSERT INTO products_to_categories VALUES (29, 22);
INSERT INTO products_to_categories VALUES (30, 24);
INSERT INTO products_to_categories VALUES (31, 25);

INSERT INTO reviews VALUES (1,30,0,'John Doe',5,now(),null,1,0);

INSERT INTO reviews_description VALUES (1,1, 'This has to be one of the the best t-shirts I\'ve ever owned!');

INSERT INTO sec_directory_whitelist values (null, 'admin/includes/backups');
INSERT INTO sec_directory_whitelist values (null, 'images');
INSERT INTO sec_directory_whitelist values (null, 'images/banners');
INSERT INTO sec_directory_whitelist values (null, 'images/handground');
INSERT INTO sec_directory_whitelist values (null, 'images/kuuzu');
INSERT INTO sec_directory_whitelist values (null, 'images/hewlett_packard');
INSERT INTO sec_directory_whitelist values (null, 'images/microsoft');
INSERT INTO sec_directory_whitelist values (null, 'images/samsung');
INSERT INTO sec_directory_whitelist values (null, 'includes/work');
INSERT INTO sec_directory_whitelist values (null, 'pub');

INSERT INTO specials VALUES (5, 27, '119.0000', now(), null, null, null, 1);

INSERT INTO tax_class VALUES (1, 'Taxable Goods', 'The following types of products are included non-food, services, etc', now(), now());

# USA/Florida
INSERT INTO tax_rates VALUES (1, 1, 1, 1, 7.0, 'FL TAX 7.0%', now(), now());
INSERT INTO geo_zones (geo_zone_id,geo_zone_name,geo_zone_description,date_added) VALUES (1,"Florida","Florida local sales tax zone",now());
INSERT INTO zones_to_geo_zones (association_id,zone_country_id,zone_id,geo_zone_id,date_added) VALUES (1,223,18,1,now());

# USA
INSERT INTO zones VALUES (1,223,'AL','Alabama');
INSERT INTO zones VALUES (2,223,'AK','Alaska');
INSERT INTO zones VALUES (3,223,'AS','American Samoa');
INSERT INTO zones VALUES (4,223,'AZ','Arizona');
INSERT INTO zones VALUES (5,223,'AR','Arkansas');
INSERT INTO zones VALUES (6,223,'AF','Armed Forces Africa');
INSERT INTO zones VALUES (7,223,'AA','Armed Forces Americas');
INSERT INTO zones VALUES (8,223,'AC','Armed Forces Canada');
INSERT INTO zones VALUES (9,223,'AE','Armed Forces Europe');
INSERT INTO zones VALUES (10,223,'AM','Armed Forces Middle East');
INSERT INTO zones VALUES (11,223,'AP','Armed Forces Pacific');
INSERT INTO zones VALUES (12,223,'CA','California');
INSERT INTO zones VALUES (13,223,'CO','Colorado');
INSERT INTO zones VALUES (14,223,'CT','Connecticut');
INSERT INTO zones VALUES (15,223,'DE','Delaware');
INSERT INTO zones VALUES (16,223,'DC','District of Columbia');
INSERT INTO zones VALUES (17,223,'FM','Federated States Of Micronesia');
INSERT INTO zones VALUES (18,223,'FL','Florida');
INSERT INTO zones VALUES (19,223,'GA','Georgia');
INSERT INTO zones VALUES (20,223,'GU','Guam');
INSERT INTO zones VALUES (21,223,'HI','Hawaii');
INSERT INTO zones VALUES (22,223,'ID','Idaho');
INSERT INTO zones VALUES (23,223,'IL','Illinois');
INSERT INTO zones VALUES (24,223,'IN','Indiana');
INSERT INTO zones VALUES (25,223,'IA','Iowa');
INSERT INTO zones VALUES (26,223,'KS','Kansas');
INSERT INTO zones VALUES (27,223,'KY','Kentucky');
INSERT INTO zones VALUES (28,223,'LA','Louisiana');
INSERT INTO zones VALUES (29,223,'ME','Maine');
INSERT INTO zones VALUES (30,223,'MH','Marshall Islands');
INSERT INTO zones VALUES (31,223,'MD','Maryland');
INSERT INTO zones VALUES (32,223,'MA','Massachusetts');
INSERT INTO zones VALUES (33,223,'MI','Michigan');
INSERT INTO zones VALUES (34,223,'MN','Minnesota');
INSERT INTO zones VALUES (35,223,'MS','Mississippi');
INSERT INTO zones VALUES (36,223,'MO','Missouri');
INSERT INTO zones VALUES (37,223,'MT','Montana');
INSERT INTO zones VALUES (38,223,'NE','Nebraska');
INSERT INTO zones VALUES (39,223,'NV','Nevada');
INSERT INTO zones VALUES (40,223,'NH','New Hampshire');
INSERT INTO zones VALUES (41,223,'NJ','New Jersey');
INSERT INTO zones VALUES (42,223,'NM','New Mexico');
INSERT INTO zones VALUES (43,223,'NY','New York');
INSERT INTO zones VALUES (44,223,'NC','North Carolina');
INSERT INTO zones VALUES (45,223,'ND','North Dakota');
INSERT INTO zones VALUES (46,223,'MP','Northern Mariana Islands');
INSERT INTO zones VALUES (47,223,'OH','Ohio');
INSERT INTO zones VALUES (48,223,'OK','Oklahoma');
INSERT INTO zones VALUES (49,223,'OR','Oregon');
INSERT INTO zones VALUES (50,223,'PW','Palau');
INSERT INTO zones VALUES (51,223,'PA','Pennsylvania');
INSERT INTO zones VALUES (52,223,'PR','Puerto Rico');
INSERT INTO zones VALUES (53,223,'RI','Rhode Island');
INSERT INTO zones VALUES (54,223,'SC','South Carolina');
INSERT INTO zones VALUES (55,223,'SD','South Dakota');
INSERT INTO zones VALUES (56,223,'TN','Tennessee');
INSERT INTO zones VALUES (57,223,'TX','Texas');
INSERT INTO zones VALUES (58,223,'UT','Utah');
INSERT INTO zones VALUES (59,223,'VT','Vermont');
INSERT INTO zones VALUES (60,223,'VI','Virgin Islands');
INSERT INTO zones VALUES (61,223,'VA','Virginia');
INSERT INTO zones VALUES (62,223,'WA','Washington');
INSERT INTO zones VALUES (63,223,'WV','West Virginia');
INSERT INTO zones VALUES (64,223,'WI','Wisconsin');
INSERT INTO zones VALUES (65,223,'WY','Wyoming');

# Canada
INSERT INTO zones VALUES (66,38,'AB','Alberta');
INSERT INTO zones VALUES (67,38,'BC','British Columbia');
INSERT INTO zones VALUES (68,38,'MB','Manitoba');
INSERT INTO zones VALUES (69,38,'NF','Newfoundland');
INSERT INTO zones VALUES (70,38,'NB','New Brunswick');
INSERT INTO zones VALUES (71,38,'NS','Nova Scotia');
INSERT INTO zones VALUES (72,38,'NT','Northwest Territories');
INSERT INTO zones VALUES (73,38,'NU','Nunavut');
INSERT INTO zones VALUES (74,38,'ON','Ontario');
INSERT INTO zones VALUES (75,38,'PE','Prince Edward Island');
INSERT INTO zones VALUES (76,38,'QC','Quebec');
INSERT INTO zones VALUES (77,38,'SK','Saskatchewan');
INSERT INTO zones VALUES (78,38,'YT','Yukon Territory');

# Germany
INSERT INTO zones VALUES (79,81,'NDS','Niedersachsen');
INSERT INTO zones VALUES (80,81,'BAW','Baden-Wrttemberg');
INSERT INTO zones VALUES (81,81,'BAY','Bayern');
INSERT INTO zones VALUES (82,81,'BER','Berlin');
INSERT INTO zones VALUES (83,81,'BRG','Brandenburg');
INSERT INTO zones VALUES (84,81,'BRE','Bremen');
INSERT INTO zones VALUES (85,81,'HAM','Hamburg');
INSERT INTO zones VALUES (86,81,'HES','Hessen');
INSERT INTO zones VALUES (87,81,'MEC','Mecklenburg-Vorpommern');
INSERT INTO zones VALUES (88,81,'NRW','Nordrhein-Westfalen');
INSERT INTO zones VALUES (89,81,'RHE','Rheinland-Pfalz');
INSERT INTO zones VALUES (90,81,'SAR','Saarland');
INSERT INTO zones VALUES (91,81,'SAS','Sachsen');
INSERT INTO zones VALUES (92,81,'SAC','Sachsen-Anhalt');
INSERT INTO zones VALUES (93,81,'SCN','Schleswig-Holstein');
INSERT INTO zones VALUES (94,81,'THE','Thringen');

# Austria
INSERT INTO zones VALUES (95,14,'WI','Wien');
INSERT INTO zones VALUES (96,14,'NO','Niedersterreich');
INSERT INTO zones VALUES (97,14,'OO','Obersterreich');
INSERT INTO zones VALUES (98,14,'SB','Salzburg');
INSERT INTO zones VALUES (99,14,'KN','Krnten');
INSERT INTO zones VALUES (100,14,'ST','Steiermark');
INSERT INTO zones VALUES (101,14,'TI','Tirol');
INSERT INTO zones VALUES (102,14,'BL','Burgenland');
INSERT INTO zones VALUES (103,14,'VB','Voralberg');

# Swizterland
INSERT INTO zones VALUES (104,204,'AG','Aargau');
INSERT INTO zones VALUES (105,204,'AI','Appenzell Innerrhoden');
INSERT INTO zones VALUES (106,204,'AR','Appenzell Ausserrhoden');
INSERT INTO zones VALUES (107,204,'BE','Bern');
INSERT INTO zones VALUES (108,204,'BL','Basel-Landschaft');
INSERT INTO zones VALUES (109,204,'BS','Basel-Stadt');
INSERT INTO zones VALUES (110,204,'FR','Freiburg');
INSERT INTO zones VALUES (111,204,'GE','Genf');
INSERT INTO zones VALUES (112,204,'GL','Glarus');
INSERT INTO zones VALUES (113,204,'JU','Graubnden');
INSERT INTO zones VALUES (114,204,'JU','Jura');
INSERT INTO zones VALUES (115,204,'LU','Luzern');
INSERT INTO zones VALUES (116,204,'NE','Neuenburg');
INSERT INTO zones VALUES (117,204,'NW','Nidwalden');
INSERT INTO zones VALUES (118,204,'OW','Obwalden');
INSERT INTO zones VALUES (119,204,'SG','St. Gallen');
INSERT INTO zones VALUES (120,204,'SH','Schaffhausen');
INSERT INTO zones VALUES (121,204,'SO','Solothurn');
INSERT INTO zones VALUES (122,204,'SZ','Schwyz');
INSERT INTO zones VALUES (123,204,'TG','Thurgau');
INSERT INTO zones VALUES (124,204,'TI','Tessin');
INSERT INTO zones VALUES (125,204,'UR','Uri');
INSERT INTO zones VALUES (126,204,'VD','Waadt');
INSERT INTO zones VALUES (127,204,'VS','Wallis');
INSERT INTO zones VALUES (128,204,'ZG','Zug');
INSERT INTO zones VALUES (129,204,'ZH','Zrich');

# Spain
INSERT INTO zones (zone_country_id, zone_code, zone_name) VALUES (195,'A Corua','A Corua');
INSERT INTO zones (zone_country_id, zone_code, zone_name) VALUES (195,'Alava','Alava');
INSERT INTO zones (zone_country_id, zone_code, zone_name) VALUES (195,'Albacete','Albacete');
INSERT INTO zones (zone_country_id, zone_code, zone_name) VALUES (195,'Alicante','Alicante');
INSERT INTO zones (zone_country_id, zone_code, zone_name) VALUES (195,'Almeria','Almeria');
INSERT INTO zones (zone_country_id, zone_code, zone_name) VALUES (195,'Asturias','Asturias');
INSERT INTO zones (zone_country_id, zone_code, zone_name) VALUES (195,'Avila','Avila');
INSERT INTO zones (zone_country_id, zone_code, zone_name) VALUES (195,'Badajoz','Badajoz');
INSERT INTO zones (zone_country_id, zone_code, zone_name) VALUES (195,'Baleares','Baleares');
INSERT INTO zones (zone_country_id, zone_code, zone_name) VALUES (195,'Barcelona','Barcelona');
INSERT INTO zones (zone_country_id, zone_code, zone_name) VALUES (195,'Burgos','Burgos');
INSERT INTO zones (zone_country_id, zone_code, zone_name) VALUES (195,'Caceres','Caceres');
INSERT INTO zones (zone_country_id, zone_code, zone_name) VALUES (195,'Cadiz','Cadiz');
INSERT INTO zones (zone_country_id, zone_code, zone_name) VALUES (195,'Cantabria','Cantabria');
INSERT INTO zones (zone_country_id, zone_code, zone_name) VALUES (195,'Castellon','Castellon');
INSERT INTO zones (zone_country_id, zone_code, zone_name) VALUES (195,'Ceuta','Ceuta');
INSERT INTO zones (zone_country_id, zone_code, zone_name) VALUES (195,'Ciudad Real','Ciudad Real');
INSERT INTO zones (zone_country_id, zone_code, zone_name) VALUES (195,'Cordoba','Cordoba');
INSERT INTO zones (zone_country_id, zone_code, zone_name) VALUES (195,'Cuenca','Cuenca');
INSERT INTO zones (zone_country_id, zone_code, zone_name) VALUES (195,'Girona','Girona');
INSERT INTO zones (zone_country_id, zone_code, zone_name) VALUES (195,'Granada','Granada');
INSERT INTO zones (zone_country_id, zone_code, zone_name) VALUES (195,'Guadalajara','Guadalajara');
INSERT INTO zones (zone_country_id, zone_code, zone_name) VALUES (195,'Guipuzcoa','Guipuzcoa');
INSERT INTO zones (zone_country_id, zone_code, zone_name) VALUES (195,'Huelva','Huelva');
INSERT INTO zones (zone_country_id, zone_code, zone_name) VALUES (195,'Huesca','Huesca');
INSERT INTO zones (zone_country_id, zone_code, zone_name) VALUES (195,'Jaen','Jaen');
INSERT INTO zones (zone_country_id, zone_code, zone_name) VALUES (195,'La Rioja','La Rioja');
INSERT INTO zones (zone_country_id, zone_code, zone_name) VALUES (195,'Las Palmas','Las Palmas');
INSERT INTO zones (zone_country_id, zone_code, zone_name) VALUES (195,'Leon','Leon');
INSERT INTO zones (zone_country_id, zone_code, zone_name) VALUES (195,'Lleida','Lleida');
INSERT INTO zones (zone_country_id, zone_code, zone_name) VALUES (195,'Lugo','Lugo');
INSERT INTO zones (zone_country_id, zone_code, zone_name) VALUES (195,'Madrid','Madrid');
INSERT INTO zones (zone_country_id, zone_code, zone_name) VALUES (195,'Malaga','Malaga');
INSERT INTO zones (zone_country_id, zone_code, zone_name) VALUES (195,'Melilla','Melilla');
INSERT INTO zones (zone_country_id, zone_code, zone_name) VALUES (195,'Murcia','Murcia');
INSERT INTO zones (zone_country_id, zone_code, zone_name) VALUES (195,'Navarra','Navarra');
INSERT INTO zones (zone_country_id, zone_code, zone_name) VALUES (195,'Ourense','Ourense');
INSERT INTO zones (zone_country_id, zone_code, zone_name) VALUES (195,'Palencia','Palencia');
INSERT INTO zones (zone_country_id, zone_code, zone_name) VALUES (195,'Pontevedra','Pontevedra');
INSERT INTO zones (zone_country_id, zone_code, zone_name) VALUES (195,'Salamanca','Salamanca');
INSERT INTO zones (zone_country_id, zone_code, zone_name) VALUES (195,'Santa Cruz de Tenerife','Santa Cruz de Tenerife');
INSERT INTO zones (zone_country_id, zone_code, zone_name) VALUES (195,'Segovia','Segovia');
INSERT INTO zones (zone_country_id, zone_code, zone_name) VALUES (195,'Sevilla','Sevilla');
INSERT INTO zones (zone_country_id, zone_code, zone_name) VALUES (195,'Soria','Soria');
INSERT INTO zones (zone_country_id, zone_code, zone_name) VALUES (195,'Tarragona','Tarragona');
INSERT INTO zones (zone_country_id, zone_code, zone_name) VALUES (195,'Teruel','Teruel');
INSERT INTO zones (zone_country_id, zone_code, zone_name) VALUES (195,'Toledo','Toledo');
INSERT INTO zones (zone_country_id, zone_code, zone_name) VALUES (195,'Valencia','Valencia');
INSERT INTO zones (zone_country_id, zone_code, zone_name) VALUES (195,'Valladolid','Valladolid');
INSERT INTO zones (zone_country_id, zone_code, zone_name) VALUES (195,'Vizcaya','Vizcaya');
INSERT INTO zones (zone_country_id, zone_code, zone_name) VALUES (195,'Zamora','Zamora');
INSERT INTO zones (zone_country_id, zone_code, zone_name) VALUES (195,'Zaragoza','Zaragoza');
